Page Url,Title
https://en.wikipedia.org/wiki/Amphicynodon,
https://en.wikipedia.org/wiki/Abdelaziz_Souleimani,Abdelaziz Souleimani
https://en.wikipedia.org/wiki/Candace_Elaine,Candace Elaine
https://en.wikipedia.org/wiki/Preacher_Man,Preacher Man
https://en.wikipedia.org/wiki/BatDad,BatDad
https://en.wikipedia.org/wiki/Ashy-throated_bush_tanager,Ashy-throated bush tanager
https://en.wikipedia.org/wiki/Benidorm_Bastards,
https://en.wikipedia.org/wiki/Liberal_Party_of_Montenegro,Liberal Party of Montenegro
https://en.wikipedia.org/wiki/1736_in_architecture,1736 in architecture
https://en.wikipedia.org/wiki/Aqueduct_of_Vanvitelli,Aqueduct of Vanvitelli
https://en.wikipedia.org/wiki/French_Film,
https://en.wikipedia.org/wiki/Cuturapi_District,Cuturapi District
https://en.wikipedia.org/wiki/Peklo_milencov,Peklo milencov
https://en.wikipedia.org/wiki/Terrafly,Terrafly
https://en.wikipedia.org/wiki/Online_School_for_Girls,Online School for Girls
https://en.wikipedia.org/wiki/1994%E2%80%9395_Meistriliiga,1994–95 Meistriliiga
https://en.wikipedia.org/wiki/Spike_(2008_film), (2008 film)
https://en.wikipedia.org/wiki/Norwegian_Youth_Cup,Norwegian Youth Cup
https://en.wikipedia.org/wiki/Jan_Esper,Jan Esper
"https://en.wikipedia.org/wiki/MSPs%27_salaries,_expenses_and_allowances","MSPs' salaries, expenses and allowances"
https://en.wikipedia.org/wiki/Jeremy_Farrar,Jeremy Farrar
https://en.wikipedia.org/wiki/Willemijn_Bos,Willemijn Bos
https://en.wikipedia.org/wiki/Andrey_Desyatnikov,Andrey Desyatnikov
https://en.wikipedia.org/wiki/The_Story_of_Ireland,
https://en.wikipedia.org/wiki/Holbourne_Island_National_Park,Holbourne Island National Park
https://en.wikipedia.org/wiki/Crimson_(Code_Red_album), (Code Red album)
https://en.wikipedia.org/wiki/Melanesian_Mission,Melanesian Mission
https://en.wikipedia.org/wiki/The_British_Theatre_Guide,The British Theatre Guide
https://en.wikipedia.org/wiki/List_of_winners_of_the_London_Marathon,List of winners of the London Marathon
https://en.wikipedia.org/wiki/Dylan_Mottley-Henry,Dylan Mottley-Henry
https://en.wikipedia.org/wiki/Adlur,Adlur
https://en.wikipedia.org/wiki/Dreamworld,Dreamworld
https://en.wikipedia.org/wiki/Achlys_(genus), (genus)
https://en.wikipedia.org/wiki/18%22_Mark_30_torpedo,"18"" Mark 30 torpedo"
https://en.wikipedia.org/wiki/Bruttig-Fankel,Bruttig-Fankel
https://en.wikipedia.org/wiki/Shelley_Jackson,Shelley Jackson
https://en.wikipedia.org/wiki/List_of_people_from_Metz,List of people from Metz
https://en.wikipedia.org/wiki/Croixrault,Croixrault
https://en.wikipedia.org/wiki/Westfort_Hurricanes,Westfort Hurricanes
https://en.wikipedia.org/wiki/The_1975_Annual_World%27s_Best_SF,
https://en.wikipedia.org/wiki/Bertel_Broman,Bertel Broman
https://en.wikipedia.org/wiki/Let_Go_(EP), (EP)
https://en.wikipedia.org/wiki/59_Times_the_Pain,59 Times the Pain
https://en.wikipedia.org/wiki/Cairo_Tower,Cairo Tower
https://en.wikipedia.org/wiki/Alfhild_Agrell,Alfhild Agrell
https://en.wikipedia.org/wiki/Never_Gonna_Give_You_Up_(Mai_Kuraki_song),Never Gonna Give You Up (Mai Kuraki song)
https://en.wikipedia.org/wiki/Barnacle_Bill_(1957_film), (1957 film)
https://en.wikipedia.org/wiki/Missile_Innovation_(album), (album)
https://en.wikipedia.org/wiki/Mancunian_double-decker_bus,Mancunian double-decker bus
https://en.wikipedia.org/wiki/Relief_of_Fevers,Relief of Fevers
https://en.wikipedia.org/wiki/Horrorcons,Horrorcons
"https://en.wikipedia.org/wiki/Alberta_municipal_censuses,_2014","Alberta municipal censuses, 2014"
https://en.wikipedia.org/wiki/Albanian_rock,Albanian rock
https://en.wikipedia.org/wiki/James_Moorhouse,James Moorhouse
https://en.wikipedia.org/wiki/Haruka_Fukuhara,Haruka Fukuhara
https://en.wikipedia.org/wiki/Eleven_(B%27z_album), (B'z album)
https://en.wikipedia.org/wiki/No%C3%A9mi_T%C3%B3th,Noémi Tóth
https://en.wikipedia.org/wiki/Aspervika_89ers,Aspervika 89ers
https://en.wikipedia.org/wiki/Mark_Malaska,Mark Malaska
https://en.wikipedia.org/wiki/Too_cheap_to_meter,Too cheap to meter
https://en.wikipedia.org/wiki/Ieuan_ap_Tudur_Penllyn,Ieuan ap Tudur Penllyn
https://en.wikipedia.org/wiki/Jinjiang_Hotel,Jinjiang Hotel
https://en.wikipedia.org/wiki/Blue_Creek_(Chattahoochee_River),Blue Creek (Chattahoochee River)
https://en.wikipedia.org/wiki/Chadwick_School,Chadwick School
https://en.wikipedia.org/wiki/Captain_Cutaneum,Captain Cutaneum
https://en.wikipedia.org/wiki/Itabalhum,Itabalhum
https://en.wikipedia.org/wiki/Kut-e_Seyyed_Naim,Kut-e Seyyed Naim
https://en.wikipedia.org/wiki/Nemapogon_cloacella,
https://en.wikipedia.org/wiki/Allen_County_Courthouse_(Indiana),Allen County Courthouse (Indiana)
https://en.wikipedia.org/wiki/Counter-electronics_High_Power_Microwave_Advanced_Missile_Project,Counter-electronics High Power Microwave Advanced Missile Project
https://en.wikipedia.org/wiki/Domestic_Purposes_Benefit,Domestic Purposes Benefit
"https://en.wikipedia.org/wiki/Nargesi,_Izeh","Nargesi, Izeh"
https://en.wikipedia.org/wiki/Vico_Hui,Vico Hui
https://en.wikipedia.org/wiki/Pankracije_Bara%C4%87,Pankracije Barać
https://en.wikipedia.org/wiki/Fahad_Al-Marri,Fahad Al-Marri
https://en.wikipedia.org/wiki/SpaceIL,SpaceIL
https://en.wikipedia.org/wiki/Zvi_Mazel,Zvi Mazel
https://en.wikipedia.org/wiki/Rivi%C3%A8re_de_l%E2%80%99Est%C3%A8re,Rivière de l’Estère
https://en.wikipedia.org/wiki/Louis_Braun,Louis Braun
https://en.wikipedia.org/wiki/Turin_Metro,Turin Metro
https://en.wikipedia.org/wiki/Apollonius_Dyscolus,Apollonius Dyscolus
https://en.wikipedia.org/wiki/Bobrinski_Bucket,Bobrinski Bucket
https://en.wikipedia.org/wiki/Rudolf_Dollinger,Rudolf Dollinger
https://en.wikipedia.org/wiki/Doron_Matalon,Doron Matalon
https://en.wikipedia.org/wiki/Sergei_Igorevich_Nekrasov,Sergei Igorevich Nekrasov
https://en.wikipedia.org/wiki/Dean_(rapper),Dean (rapper)
https://en.wikipedia.org/wiki/Ege_Bagatur,Ege Bagatur
https://en.wikipedia.org/wiki/Evelyn_Mayr,Evelyn Mayr
https://en.wikipedia.org/wiki/LoveGame,LoveGame
https://en.wikipedia.org/wiki/Sakolwat_Skollah,Sakolwat Skollah
https://en.wikipedia.org/wiki/Neargyractis_caesoalis,
https://en.wikipedia.org/wiki/Achyra_brasiliensis,
"https://en.wikipedia.org/wiki/Kesang,_Malaysia","Kesang, Malaysia"
https://en.wikipedia.org/wiki/Dajarra_and_Selwyn_railway_lines,Dajarra and Selwyn railway lines
https://en.wikipedia.org/wiki/Tofanga,Tofanga
https://en.wikipedia.org/wiki/Mary_Ainsworth,Mary Ainsworth
https://en.wikipedia.org/wiki/The_Challenge_(miniseries), (miniseries)
https://en.wikipedia.org/wiki/Sabrina_Chap,Sabrina Chap
https://en.wikipedia.org/wiki/Ebby_Edwards,Ebby Edwards
https://en.wikipedia.org/wiki/Haplophyse,
https://en.wikipedia.org/wiki/Council%E2%80%93manager_government,Council–manager government
"https://en.wikipedia.org/wiki/Cahill%27s_Stores,_Rockhampton","Cahill's Stores, Rockhampton"
https://en.wikipedia.org/wiki/Darren_Wilson_(umpire),Darren Wilson (umpire)
https://en.wikipedia.org/wiki/Grabovi%C4%8Dka_(river),Grabovička (river)
https://en.wikipedia.org/wiki/Walter_Goodale_Morrill,Walter Goodale Morrill
https://en.wikipedia.org/wiki/List_of_sovereign_states_and_dependent_territories_in_the_Americas,List of sovereign states and dependent territories in the Americas
https://en.wikipedia.org/wiki/Suddenly_(2013_film), (2013 film)
https://en.wikipedia.org/wiki/Network_of_Indian_Professionals,Network of Indian Professionals
https://en.wikipedia.org/wiki/Shamsin,Shamsin
https://en.wikipedia.org/wiki/Active_Cylinder_Control,Active Cylinder Control
https://en.wikipedia.org/wiki/Instow,Instow
"https://en.wikipedia.org/wiki/Osikovo,_Blagoevgrad_Province","Osikovo, Blagoevgrad Province"
"https://en.wikipedia.org/wiki/Vrhe,_Celje","Vrhe, Celje"
https://en.wikipedia.org/wiki/Vierde,Vierde
"https://en.wikipedia.org/wiki/Franklin_Township,_Lenawee_County,_Michigan","Franklin Township, Lenawee County, Michigan"
https://en.wikipedia.org/wiki/Alexandra_Dahlstr%C3%B6m,Alexandra Dahlström
https://en.wikipedia.org/wiki/Elizabeth_Street_(Manhattan),Elizabeth Street (Manhattan)
https://en.wikipedia.org/wiki/Concurrent_data_structure,Concurrent data structure
https://en.wikipedia.org/wiki/Liu_Pan,Liu Pan
https://en.wikipedia.org/wiki/Version_2.0_World_Tour,Version 2.0 World Tour
https://en.wikipedia.org/wiki/1943_Barzani_revolt,1943 Barzani revolt
https://en.wikipedia.org/wiki/Marek_Walczewski,Marek Walczewski
https://en.wikipedia.org/wiki/Bauman%E2%80%93Eberhardt_Center,Bauman–Eberhardt Center
https://en.wikipedia.org/wiki/Live_at_Royal_Opera_House,
https://en.wikipedia.org/wiki/T%C4%93vita_%CA%BBUnga,Tēvita ʻUnga
https://en.wikipedia.org/wiki/Beggars_Group,Beggars Group
https://en.wikipedia.org/wiki/Nadia_Hijab,Nadia Hijab
https://en.wikipedia.org/wiki/%C5%BDeljava,Željava
https://en.wikipedia.org/wiki/Prenderemos_fuego_al_cielo,Prenderemos fuego al cielo
https://en.wikipedia.org/wiki/Niclas_M%C3%BCller,Niclas Müller
https://en.wikipedia.org/wiki/Astra_Farm,Astra Farm
https://en.wikipedia.org/wiki/Angelic_Runes,
https://en.wikipedia.org/wiki/2015_General_Aung_San_Shield,2015 General Aung San Shield
https://en.wikipedia.org/wiki/Going_for_a_Song,Going for a Song
https://en.wikipedia.org/wiki/Tavish_Scott,Tavish Scott
https://en.wikipedia.org/wiki/Tom_Beynon,Tom Beynon
https://en.wikipedia.org/wiki/Macau_Peninsula,Macau Peninsula
https://en.wikipedia.org/wiki/Wynnewood_(SEPTA_station),Wynnewood (SEPTA station)
"https://en.wikipedia.org/wiki/Cut,_Cap_and_Balance_Act","Cut, Cap and Balance Act"
https://en.wikipedia.org/wiki/Statherotis_euryphaea,
https://en.wikipedia.org/wiki/Waiuku_River,Waiuku River
https://en.wikipedia.org/wiki/Tau1_Eridani,Tau
https://en.wikipedia.org/wiki/Wolfgang_Sidka,Wolfgang Sidka
https://en.wikipedia.org/wiki/Gergely_Bog%C3%A1nyi,Gergely Bogányi
https://en.wikipedia.org/wiki/Walter_Parks,Walter Parks
https://en.wikipedia.org/wiki/Gai_Zhixin,Gai Zhixin
https://en.wikipedia.org/wiki/Big_Brother_Brasil_13,
https://en.wikipedia.org/wiki/M%C3%B2cheno_language,Mòcheno language
https://en.wikipedia.org/wiki/2015_All-Ireland_Under-21_B_Hurling_Championship,2015 All-Ireland Under-21 B Hurling Championship
https://en.wikipedia.org/wiki/Elmer_Wexler,Elmer Wexler
https://en.wikipedia.org/wiki/Abilene_Christian_Wildcats_softball,Abilene Christian Wildcats softball
https://en.wikipedia.org/wiki/McMaster_Students_Union,McMaster Students Union
https://en.wikipedia.org/wiki/1911%E2%80%9312_Illinois_Fighting_Illini_men%27s_basketball_team,1911–12 Illinois Fighting Illini men's basketball team
https://en.wikipedia.org/wiki/Sk%C3%A5lebreen,Skålebreen
https://en.wikipedia.org/wiki/Dirk_Regel,Dirk Regel
https://en.wikipedia.org/wiki/Kent_H%C3%A4rstedt,Kent Härstedt
https://en.wikipedia.org/wiki/Patrick_Ford_(boxer),Patrick Ford (boxer)
https://en.wikipedia.org/wiki/Florida_State_Road_9,Florida State Road 9
https://en.wikipedia.org/wiki/No._317_Polish_Fighter_Squadron,No. 317 Polish Fighter Squadron
https://en.wikipedia.org/wiki/El_Pilar_Fault_System,El Pilar Fault System
https://en.wikipedia.org/wiki/Grand_S%C3%A9minaire_de_Montr%C3%A9al,Grand Séminaire de Montréal
https://en.wikipedia.org/wiki/Jacques_Curie,Jacques Curie
https://en.wikipedia.org/wiki/Dihexyverine,Dihexyverine
https://en.wikipedia.org/wiki/Mihkel_Klaassen,Mihkel Klaassen
https://en.wikipedia.org/wiki/Banksetosa,
https://en.wikipedia.org/wiki/Northwest_Florida_Beaches_International_Airport,Northwest Florida Beaches International Airport
https://en.wikipedia.org/wiki/Charles_Plummer_(sheriff),Charles Plummer (sheriff)
https://en.wikipedia.org/wiki/Barbara_Kuit,Barbara Kuit
https://en.wikipedia.org/wiki/Danton%27s_Death,
https://en.wikipedia.org/wiki/Domenico_Balestrieri,Domenico Balestrieri
https://en.wikipedia.org/wiki/Jennifer_Ashton,Jennifer Ashton
https://en.wikipedia.org/wiki/Monika_Absolonov%C3%A1,Monika Absolonová
https://en.wikipedia.org/wiki/Gregorio_Manzano,Gregorio Manzano
https://en.wikipedia.org/wiki/Chilo_christophi,
https://en.wikipedia.org/wiki/Jallo_railway_station,Jallo railway station
https://en.wikipedia.org/wiki/Barlow_Der_Mugrdechian,Barlow Der Mugrdechian
https://en.wikipedia.org/wiki/2_Fast_2_Furious_(soundtrack), (soundtrack)
https://en.wikipedia.org/wiki/Karanja_(Vidhan_Sabha_constituency),Karanja (Vidhan Sabha constituency)
https://en.wikipedia.org/wiki/Ray_Dalton_(rugby_union_player),Ray Dalton (rugby union player)
https://en.wikipedia.org/wiki/Nicole_Atkins,Nicole Atkins
https://en.wikipedia.org/wiki/Cincinnatus_Fabian_D%27Abreo,Cincinnatus Fabian D'Abreo
https://en.wikipedia.org/wiki/No._57_Squadron_RAF,No. 57 Squadron RAF
"https://en.wikipedia.org/wiki/Sainte-Anastasie,_Gard","Sainte-Anastasie, Gard"
https://en.wikipedia.org/wiki/Marta_(Nena_Daconte_song),Marta (Nena Daconte song)
https://en.wikipedia.org/wiki/Dogfight_1951,
https://en.wikipedia.org/wiki/The_Rose_of_Battle,The Rose of Battle
https://en.wikipedia.org/wiki/Park_Yoon-jae,Park Yoon-jae
https://en.wikipedia.org/wiki/Crossgates_Commons,Crossgates Commons
https://en.wikipedia.org/wiki/List_of_New_England_Whalers_players,List of New England Whalers players
https://en.wikipedia.org/wiki/Precambrian_Research,
https://en.wikipedia.org/wiki/Fred_Root,Fred Root
https://en.wikipedia.org/wiki/Kansas_City_Electronic_Music_and_Arts_Alliance,Kansas City Electronic Music and Arts Alliance
https://en.wikipedia.org/wiki/Mark_Jenkins_(fitness_trainer),Mark Jenkins (fitness trainer)
https://en.wikipedia.org/wiki/Publika_TV,Publika TV
https://en.wikipedia.org/wiki/Peter_O%27Doherty,Peter O'Doherty
https://en.wikipedia.org/wiki/Siphopteron_quadrispinosum,
https://en.wikipedia.org/wiki/Nathan_Arnold,Nathan Arnold
https://en.wikipedia.org/wiki/Parkerian_Hexad,Parkerian Hexad
https://en.wikipedia.org/wiki/Tim_Craft,Tim Craft
https://en.wikipedia.org/wiki/Imdad_logistics,Imdad logistics
"https://en.wikipedia.org/wiki/Robert_D._Bailey,_Jr.","Robert D. Bailey, Jr."
https://en.wikipedia.org/wiki/Chaplygin_sleigh,Chaplygin sleigh
"https://en.wikipedia.org/wiki/Hunter,_Arkansas","Hunter, Arkansas"
https://en.wikipedia.org/wiki/Abdimalik_Askar,Abdimalik Askar
https://en.wikipedia.org/wiki/Empetrichthys_latos,
https://en.wikipedia.org/wiki/First_Holt_Ministry,First Holt Ministry
https://en.wikipedia.org/wiki/Sarar%C3%A9_River,Sararé River
https://en.wikipedia.org/wiki/The_Store,
https://en.wikipedia.org/wiki/7th_Missouri_Volunteer_Infantry,7th Missouri Volunteer Infantry
https://en.wikipedia.org/wiki/List_of_U.S._state_partition_proposals,List of U.S. state partition proposals
https://en.wikipedia.org/wiki/Conrad_Rice_Mill,Conrad Rice Mill
https://en.wikipedia.org/wiki/George_Ripley_(transcendentalist),George Ripley (transcendentalist)
https://en.wikipedia.org/wiki/Mandakan,Mandakan
https://en.wikipedia.org/wiki/Jim_Wilson_(Los_Angeles),Jim Wilson (Los Angeles)
https://en.wikipedia.org/wiki/Mother_Mosque_of_America,Mother Mosque of America
https://en.wikipedia.org/wiki/The_Clans_Will_Rise_Again,
https://en.wikipedia.org/wiki/Polygrammodes_purpureorufalis,
https://en.wikipedia.org/wiki/Maxwell_Lake,Maxwell Lake
https://en.wikipedia.org/wiki/Shadows_in_the_Night_(1950_film), (1950 film)
https://en.wikipedia.org/wiki/Sangharsh_(1999_film), (1999 film)
https://en.wikipedia.org/wiki/The_Crimson_Code,
https://en.wikipedia.org/wiki/Emma-Kate_Croghan,Emma-Kate Croghan
https://en.wikipedia.org/wiki/Levent_(Istanbul_Metro),Levent (Istanbul Metro)
https://en.wikipedia.org/wiki/Primula_mottle_virus,Primula mottle virus
https://en.wikipedia.org/wiki/Pithecops,
https://en.wikipedia.org/wiki/List_of_Chicago_Blackhawks_draft_picks,List of Chicago Blackhawks draft picks
https://en.wikipedia.org/wiki/Carlos_Amarilla,Carlos Amarilla
https://en.wikipedia.org/wiki/Mastic_Reserve,Mastic Reserve
https://en.wikipedia.org/wiki/Barbosella_cogniauxiana,
https://en.wikipedia.org/wiki/Atractaspis_scorteccii,
https://en.wikipedia.org/wiki/List_of_Die_Hard_characters,List of Die Hard characters
"https://en.wikipedia.org/wiki/Alan_Reid_(footballer,_born_1926)","Alan Reid (footballer, born 1926)"
"https://en.wikipedia.org/wiki/Saint_Peter,_Barbados","Saint Peter, Barbados"
https://en.wikipedia.org/wiki/World_Series_of_Fighting_23:_Gaethje_vs._Palomino_II,World Series of Fighting 23: Gaethje vs. Palomino II
https://en.wikipedia.org/wiki/K_factor_(crude_oil_refining),K factor (crude oil refining)
https://en.wikipedia.org/wiki/Mongolian_transliteration_of_Chinese_characters,Mongolian transliteration of Chinese characters
https://en.wikipedia.org/wiki/June_Greene,June Greene
https://en.wikipedia.org/wiki/Megastomia_palmaensis,
https://en.wikipedia.org/wiki/Charles_Moon,Charles Moon
https://en.wikipedia.org/wiki/Fox_River_(Cochrane_District),Fox River (Cochrane District)
https://en.wikipedia.org/wiki/Aldea_del_Fresno,Aldea del Fresno
https://en.wikipedia.org/wiki/Grammy_Award_for_Best_Performance_by_a_Vocal_Group_or_Chorus,Grammy Award for Best Performance by a Vocal Group or Chorus
https://en.wikipedia.org/wiki/Total_Engine_Concepts_MM_CB-40,Total Engine Concepts MM CB-40
https://en.wikipedia.org/wiki/Maine%27s_8th_congressional_district,Maine's 8th congressional district
https://en.wikipedia.org/wiki/Si_Somdet_District,Si Somdet District
https://en.wikipedia.org/wiki/Craig_Skinner,Craig Skinner
https://en.wikipedia.org/wiki/Amanda_Lightfoot,Amanda Lightfoot
https://en.wikipedia.org/wiki/List_of_airports_in_Barbados,List of airports in Barbados
"https://en.wikipedia.org/wiki/Belgium,_Wisconsin","Belgium, Wisconsin"
https://en.wikipedia.org/wiki/Amami_%C5%8Cshima,Amami Ōshima
https://en.wikipedia.org/wiki/Northern_Illinois_University_Press,Northern Illinois University Press
https://en.wikipedia.org/wiki/Chewbacca_defense,Chewbacca defense
https://en.wikipedia.org/wiki/Rona_Stevenson,Rona Stevenson
https://en.wikipedia.org/wiki/K._Jack_Bauer,K. Jack Bauer
https://en.wikipedia.org/wiki/Thomas_Carmody,Thomas Carmody
https://en.wikipedia.org/wiki/Maharajadhiraj_Uday_Chand_Women%27s_College,Maharajadhiraj Uday Chand Women's College
https://en.wikipedia.org/wiki/Dmitry_Medoyev,Dmitry Medoyev
https://en.wikipedia.org/wiki/Christopher_Rountree,Christopher Rountree
https://en.wikipedia.org/wiki/Tamorot,Tamorot
https://en.wikipedia.org/wiki/97th_meridian_west,97th meridian west
https://en.wikipedia.org/wiki/Drummond_Shiels,Drummond Shiels
https://en.wikipedia.org/wiki/Brandon_Coupe,Brandon Coupe
https://en.wikipedia.org/wiki/Kaare_Andrews,Kaare Andrews
https://en.wikipedia.org/wiki/Lar_Dam,Lar Dam
https://en.wikipedia.org/wiki/John_Somers_Dines,John Somers Dines
https://en.wikipedia.org/wiki/Ian_Chapman,Ian Chapman
https://en.wikipedia.org/wiki/Ameyo_Adadevoh,Ameyo Adadevoh
https://en.wikipedia.org/wiki/Lukasashi_River,Lukasashi River
https://en.wikipedia.org/wiki/Defence_Construction_Canada,Defence Construction Canada
https://en.wikipedia.org/wiki/Knutsen_O.A.S._Shipping_AS,Knutsen O.A.S. Shipping AS
https://en.wikipedia.org/wiki/Il_matrimonio_segreto,
https://en.wikipedia.org/wiki/Live_at_the_Palais,
https://en.wikipedia.org/wiki/George_Martin_(Otago_cricketer),George Martin (Otago cricketer)
"https://en.wikipedia.org/wiki/John_S._Gleason,_Jr.","John S. Gleason, Jr."
https://en.wikipedia.org/wiki/DataObjects.NET,DataObjects.NET
https://en.wikipedia.org/wiki/12_Downing_Street,12 Downing Street
https://en.wikipedia.org/wiki/Sender_Unknown,
https://en.wikipedia.org/wiki/1917_Tulane_Olive_and_Blue_football_team,1917 Tulane Olive and Blue football team
https://en.wikipedia.org/wiki/Stewart-Mackenzie_executive_council_of_Ceylon,Stewart-Mackenzie executive council of Ceylon
https://en.wikipedia.org/wiki/Miss_Per%C3%BA_1971,Miss Perú 1971
https://en.wikipedia.org/wiki/United_States_Post_Office_(Canal_Street_Station),United States Post Office (Canal Street Station)
https://en.wikipedia.org/wiki/Marie_Lebour,Marie Lebour
https://en.wikipedia.org/wiki/Innovative_Timing_Systems,Innovative Timing Systems
https://en.wikipedia.org/wiki/Calgary_Mustangs,Calgary Mustangs
"https://en.wikipedia.org/wiki/It%27s_a_Mad,_Mad,_Mad_World","It's a Mad, Mad, Mad World"
https://en.wikipedia.org/wiki/Deaths_in_March_2004,Deaths in March 2004
https://en.wikipedia.org/wiki/Takumi_Horiike,Takumi Horiike
https://en.wikipedia.org/wiki/Southern_small-toothed_moss_mouse,Southern small-toothed moss mouse
https://en.wikipedia.org/wiki/Terry_Bonchaka,Terry Bonchaka
https://en.wikipedia.org/wiki/Lee_Mendelson,Lee Mendelson
https://en.wikipedia.org/wiki/Mommsenstadion,Mommsenstadion
https://en.wikipedia.org/wiki/Scrub_greenlet,Scrub greenlet
https://en.wikipedia.org/wiki/Statenvertaling,Statenvertaling
https://en.wikipedia.org/wiki/Madagascan_lark,Madagascan lark
https://en.wikipedia.org/wiki/Soviet_offensive_plans_controversy,Soviet offensive plans controversy
https://en.wikipedia.org/wiki/Asplenium_petrarchae,
https://en.wikipedia.org/wiki/L%C3%A1szl%C3%B3_Sternberg,László Sternberg
"https://en.wikipedia.org/wiki/Banya,_Blagoevgrad_Province","Banya, Blagoevgrad Province"
https://en.wikipedia.org/wiki/Jakubov_(surname),Jakubov (surname)
https://en.wikipedia.org/wiki/Eusebius_of_Vercelli,Eusebius of Vercelli
https://en.wikipedia.org/wiki/Hannah_Margaret_Mary_Closs,Hannah Margaret Mary Closs
https://en.wikipedia.org/wiki/Murray_Battery,Murray Battery
https://en.wikipedia.org/wiki/Ytre_Rendal,Ytre Rendal
https://en.wikipedia.org/wiki/Synodontis_multipunctatus,
https://en.wikipedia.org/wiki/2001_World_Championships_in_Athletics_%E2%80%93_Men%27s_50_kilometres_walk,2001 World Championships in Athletics – Men's 50 kilometres walk
"https://en.wikipedia.org/wiki/Davy,_West_Virginia","Davy, West Virginia"
https://en.wikipedia.org/wiki/Rubroboletus_satanas,
https://en.wikipedia.org/wiki/Andrea_Cochran,Andrea Cochran
https://en.wikipedia.org/wiki/Prix_Jules_Janssen,Prix Jules Janssen
https://en.wikipedia.org/wiki/Halvor_S%C3%B8rum,Halvor Sørum
https://en.wikipedia.org/wiki/Lynn_Ahrens,Lynn Ahrens
https://en.wikipedia.org/wiki/Pother_Kanta,
https://en.wikipedia.org/wiki/James_Francis_Fulloon,James Francis Fulloon
https://en.wikipedia.org/wiki/Dulbanu_River,Dulbanu River
https://en.wikipedia.org/wiki/Mount_Abantos,Mount Abantos
https://en.wikipedia.org/wiki/Saleh_Ahmed_(cricketer),Saleh Ahmed (cricketer)
"https://en.wikipedia.org/wiki/Dragomirovo,_Veliko_Tarnovo_Province","Dragomirovo, Veliko Tarnovo Province"
https://en.wikipedia.org/wiki/Turn_the_Lights_Out_(Hadouken!_song),Turn the Lights Out (Hadouken! song)
https://en.wikipedia.org/wiki/Abraham_Bosse,Abraham Bosse
https://en.wikipedia.org/wiki/List_of_Filistatidae_species,List of Filistatidae species
https://en.wikipedia.org/wiki/Glastry_College,Glastry College
https://en.wikipedia.org/wiki/Follow_Me_into_Madness,
https://en.wikipedia.org/wiki/Persita_Tangerang,Persita Tangerang
https://en.wikipedia.org/wiki/Mukunda_Das,Mukunda Das
https://en.wikipedia.org/wiki/Kent_John_Chabotar,Kent John Chabotar
https://en.wikipedia.org/wiki/Delgovicia,Delgovicia
https://en.wikipedia.org/wiki/Eddie_Daniels_(political_activist),Eddie Daniels (political activist)
https://en.wikipedia.org/wiki/Everybody_Wants,
https://en.wikipedia.org/wiki/%C5%BDiga_%C5%BDivko,Žiga Živko
https://en.wikipedia.org/wiki/Theme_(computing),Theme (computing)
https://en.wikipedia.org/wiki/In_Real_Time_(MAZK_album), (MAZK album)
https://en.wikipedia.org/wiki/Turbonilla_rosewateri,
https://en.wikipedia.org/wiki/Colquencha_Municipality,Colquencha Municipality
https://en.wikipedia.org/wiki/Wildno,Wildno
https://en.wikipedia.org/wiki/Butterfly_Lovers%27_Violin_Concerto,Butterfly Lovers' Violin Concerto
https://en.wikipedia.org/wiki/Community-based_monitoring,Community-based monitoring
https://en.wikipedia.org/wiki/Occupational_Health_and_Safety_Regulation_of_British_Columbia,Occupational Health and Safety Regulation of British Columbia
https://en.wikipedia.org/wiki/Venturer-class_minesweeper,-class minesweeper
https://en.wikipedia.org/wiki/WTWF,WTWF
https://en.wikipedia.org/wiki/Machozetus,
https://en.wikipedia.org/wiki/HNK_Hajduk_Split,HNK Hajduk Split
https://en.wikipedia.org/wiki/Corsage,Corsage
https://en.wikipedia.org/wiki/Talking_Heads_(Australian_TV_series), (Australian TV series)
https://en.wikipedia.org/wiki/1976_in_Japanese_football,1976 in Japanese football
https://en.wikipedia.org/wiki/Kansas_Jayhawks_football,Kansas Jayhawks football
https://en.wikipedia.org/wiki/Moshe_ibn_Habib,Moshe ibn Habib
https://en.wikipedia.org/wiki/Life_imprisonment_in_Canada,Life imprisonment in Canada
"https://en.wikipedia.org/wiki/Taylor,_Cotton_County,_Oklahoma","Taylor, Cotton County, Oklahoma"
https://en.wikipedia.org/wiki/Doribaba,Doribaba
https://en.wikipedia.org/wiki/Cam_McCaffrey,Cam McCaffrey
https://en.wikipedia.org/wiki/B._F._Gribble,B. F. Gribble
"https://en.wikipedia.org/wiki/George_I,_Landgrave_of_Hesse-Darmstadt","George I, Landgrave of Hesse-Darmstadt"
https://en.wikipedia.org/wiki/Iceman_(occupation),Iceman (occupation)
https://en.wikipedia.org/wiki/Porthcawl_Comprehensive_School,Porthcawl Comprehensive School
https://en.wikipedia.org/wiki/Arlene_Raven,Arlene Raven
https://en.wikipedia.org/wiki/Southern_Death_Cult,Southern Death Cult
https://en.wikipedia.org/wiki/Billings_Symphony_Orchestra,Billings Symphony Orchestra
https://en.wikipedia.org/wiki/Deh-e_Hajji_Abdol_Rahim_Rakhshani,Deh-e Hajji Abdol Rahim Rakhshani
https://en.wikipedia.org/wiki/43rd_Annie_Awards,43rd Annie Awards
https://en.wikipedia.org/wiki/Chop_%E2%80%93Tysa,Chop –Tysa
"https://en.wikipedia.org/wiki/Sang_Deh,_Mazandaran","Sang Deh, Mazandaran"
https://en.wikipedia.org/wiki/Herschel_wedge,Herschel wedge
https://en.wikipedia.org/wiki/Ramzor,
https://en.wikipedia.org/wiki/Autopsy_(film), (film)
https://en.wikipedia.org/wiki/Jo_Caron,Jo Caron
https://en.wikipedia.org/wiki/Marcodava,
https://en.wikipedia.org/wiki/Metropolitan_Asylums_Board,Metropolitan Asylums Board
https://en.wikipedia.org/wiki/Mott_Mill,Mott Mill
https://en.wikipedia.org/wiki/Maximum_Homerdrive,Maximum Homerdrive
https://en.wikipedia.org/wiki/Ludovingians,Ludovingians
https://en.wikipedia.org/wiki/Frog_and_the_Peach,Frog and the Peach
https://en.wikipedia.org/wiki/WBACH,WBACH
https://en.wikipedia.org/wiki/Johann_Sylvan,Johann Sylvan
https://en.wikipedia.org/wiki/The_Keltiad,The Keltiad
https://en.wikipedia.org/wiki/Nakhon_Pathom_Province,Nakhon Pathom Province
https://en.wikipedia.org/wiki/Popular_Future,Popular Future
https://en.wikipedia.org/wiki/All_the_President%27s_Men_(film), (film)
https://en.wikipedia.org/wiki/1975%E2%80%9376_FIBA_European_Champions_Cup,1975–76 FIBA European Champions Cup
https://en.wikipedia.org/wiki/Dawit_Estifanos,Dawit Estifanos
https://en.wikipedia.org/wiki/George_Charleton_Barron,George Charleton Barron
https://en.wikipedia.org/wiki/1978_Wake_Forest_Demon_Deacons_football_team,1978 Wake Forest Demon Deacons football team
https://en.wikipedia.org/wiki/Eucalyptus_lehmannii,
https://en.wikipedia.org/wiki/Slope_mining,Slope mining
https://en.wikipedia.org/wiki/Rakshit_Shetty,Rakshit Shetty
https://en.wikipedia.org/wiki/Tim_O%27Neill_(Canadian_football),Tim O'Neill (Canadian football)
https://en.wikipedia.org/wiki/Big_Dipper_(album), (album)
"https://en.wikipedia.org/wiki/William_IV,_Count_of_Henneberg-Schleusingen","William IV, Count of Henneberg-Schleusingen"
https://en.wikipedia.org/wiki/W._L._%22Jack%22_Howard,"W. L. ""Jack"" Howard"
https://en.wikipedia.org/wiki/Isma%C3%ABl_Isaac,Ismaël Isaac
https://en.wikipedia.org/wiki/Darryn_Randall,Darryn Randall
https://en.wikipedia.org/wiki/Piraraj%C3%A1,Pirarajá
https://en.wikipedia.org/wiki/The_Luck_of_the_Fryrish,The Luck of the Fryrish
https://en.wikipedia.org/wiki/Oakland_High_School_(Tennessee),Oakland High School (Tennessee)
https://en.wikipedia.org/wiki/Echites,
https://en.wikipedia.org/wiki/Red_Bluff_Formation,Red Bluff Formation
https://en.wikipedia.org/wiki/The_Swordsman_(1974_film),The Swordsman (1974 film)
https://en.wikipedia.org/wiki/Heliomeris_obscura,
https://en.wikipedia.org/wiki/Lozotaenia_cupidinana,
https://en.wikipedia.org/wiki/South_Shore%E2%80%94St._Margarets,South Shore—St. Margarets
https://en.wikipedia.org/wiki/Overprinting_(geology),Overprinting (geology)
https://en.wikipedia.org/wiki/Henry_Sherwood_Lawrence,Henry Sherwood Lawrence
https://en.wikipedia.org/wiki/Saint-G%C3%A9ron,Saint-Géron
https://en.wikipedia.org/wiki/W._A._Cunningham,W. A. Cunningham
https://en.wikipedia.org/wiki/Church_of_San_Pedro_Ap%C3%B3stol_(Villacadima),Church of San Pedro Apóstol (Villacadima)
https://en.wikipedia.org/wiki/Maryborough_Waterside_Workers%27_Hall,Maryborough Waterside Workers' Hall
https://en.wikipedia.org/wiki/Goverlan_Systems_Management,Goverlan Systems Management
https://en.wikipedia.org/wiki/Erec,Erec
https://en.wikipedia.org/wiki/PT-109_(song),PT-109 (song)
https://en.wikipedia.org/wiki/Pemexgate,Pemexgate
https://en.wikipedia.org/wiki/Dave_Moates,Dave Moates
https://en.wikipedia.org/wiki/R%C3%B6ntgen_equivalent_physical,Röntgen equivalent physical
https://en.wikipedia.org/wiki/Indian_burrowing_frog,Indian burrowing frog
https://en.wikipedia.org/wiki/Patricia_Mercado,Patricia Mercado
https://en.wikipedia.org/wiki/Tidal_bore,Tidal bore
https://en.wikipedia.org/wiki/Dejan_Nemec,Dejan Nemec
https://en.wikipedia.org/wiki/Chilean_records_in_track_cycling,Chilean records in track cycling
https://en.wikipedia.org/wiki/Imdadkhani_gharana,Imdadkhani gharana
https://en.wikipedia.org/wiki/David_Samoylov,David Samoylov
https://en.wikipedia.org/wiki/Whitchurch_Canonicorum,Whitchurch Canonicorum
https://en.wikipedia.org/wiki/BSFA_Award_for_Best_Non-Fiction,BSFA Award for Best Non-Fiction
https://en.wikipedia.org/wiki/Alonso_P%C3%A9rez,Alonso Pérez
https://en.wikipedia.org/wiki/Fire_Services_Act_1951,Fire Services Act 1951
https://en.wikipedia.org/wiki/Issoire_Sil%C3%A8ne,Issoire Silène
https://en.wikipedia.org/wiki/Evangelos_Goussis,Evangelos Goussis
https://en.wikipedia.org/wiki/Benjamin_Loring_Young,Benjamin Loring Young
https://en.wikipedia.org/wiki/Tom_Nelson_(American_football),Tom Nelson (American football)
"https://en.wikipedia.org/wiki/Aston_Park,_Flintshire","Aston Park, Flintshire"
https://en.wikipedia.org/wiki/Diabetic_nephropathy,Diabetic nephropathy
https://en.wikipedia.org/wiki/Jeremy_Blachman,Jeremy Blachman
https://en.wikipedia.org/wiki/Quhistan,Quhistan
https://en.wikipedia.org/wiki/MMS_Architecture,MMS Architecture
https://en.wikipedia.org/wiki/Galium_labradoricum,Galium labradoricum
https://en.wikipedia.org/wiki/Jauja_District,Jauja District
https://en.wikipedia.org/wiki/Bubbleball_in_the_United_States,Bubbleball in the United States
https://en.wikipedia.org/wiki/White_jasmine,White jasmine
"https://en.wikipedia.org/wiki/Cobbitty,_New_South_Wales","Cobbitty, New South Wales"
https://en.wikipedia.org/wiki/Tehuacana_Creek,Tehuacana Creek
https://en.wikipedia.org/wiki/List_of_current_heads_of_state_and_government_of_Ibero-America,List of current heads of state and government of Ibero-America
https://en.wikipedia.org/wiki/Patriarch_Callinicus_of_Alexandria,Patriarch Callinicus of Alexandria
https://en.wikipedia.org/wiki/Santiago_do_Cac%C3%A9m,Santiago do Cacém
https://en.wikipedia.org/wiki/MT-TW,MT-TW
https://en.wikipedia.org/wiki/Cross_Chess,Cross Chess
https://en.wikipedia.org/wiki/List_of_life_peerages_(2010%E2%80%93present),List of life peerages (2010–present)
https://en.wikipedia.org/wiki/WKAY,WKAY
https://en.wikipedia.org/wiki/Crin_Antonescu,Crin Antonescu
https://en.wikipedia.org/wiki/Matt_Giteau,Matt Giteau
https://en.wikipedia.org/wiki/Espinoso_del_Rey,Espinoso del Rey
https://en.wikipedia.org/wiki/Berlin_Wuhlheide_station,Berlin Wuhlheide station
https://en.wikipedia.org/wiki/Fairchild_Recording_Equipment_Corporation,Fairchild Recording Equipment Corporation
https://en.wikipedia.org/wiki/Business_Instructional_Facility,Business Instructional Facility
https://en.wikipedia.org/wiki/Lubao_Territory,Lubao Territory
https://en.wikipedia.org/wiki/Jiro_Watanabe,Jiro Watanabe
https://en.wikipedia.org/wiki/Bolshoye_Zagarino,Bolshoye Zagarino
https://en.wikipedia.org/wiki/Nissan_Life,Nissan Life
https://en.wikipedia.org/wiki/Herman_Cain,Herman Cain
https://en.wikipedia.org/wiki/Corner-Straits_Chain_of_lakes,Corner-Straits Chain of lakes
https://en.wikipedia.org/wiki/Pixelworks,Pixelworks
https://en.wikipedia.org/wiki/2002%E2%80%9303_Liga_Artzit,2002–03 Liga Artzit
https://en.wikipedia.org/wiki/Brian_Wildsmith,Brian Wildsmith
https://en.wikipedia.org/wiki/Jacob_de_Jong,Jacob de Jong
"https://en.wikipedia.org/wiki/Ewing_Township,_Holt_County,_Nebraska","Ewing Township, Holt County, Nebraska"
https://en.wikipedia.org/wiki/Joseph-Octave_Latour,Joseph-Octave Latour
https://en.wikipedia.org/wiki/Refugee_week,Refugee week
https://en.wikipedia.org/wiki/2013_Acropolis_Rally,2013 Acropolis Rally
https://en.wikipedia.org/wiki/Valeri_Georgiev,Valeri Georgiev
https://en.wikipedia.org/wiki/Lawrence_Ho,Lawrence Ho
https://en.wikipedia.org/wiki/Adolphe_Lemoine,Adolphe Lemoine
https://en.wikipedia.org/wiki/1255_Schilowa,1255 Schilowa
https://en.wikipedia.org/wiki/1986_Prix_de_l%27Arc_de_Triomphe,1986 Prix de l'Arc de Triomphe
https://en.wikipedia.org/wiki/Combustion_light-gas_gun,Combustion light-gas gun
https://en.wikipedia.org/wiki/Stan_Cowan,Stan Cowan
https://en.wikipedia.org/wiki/Cato_Institute,Cato Institute
https://en.wikipedia.org/wiki/Peru_national_football_team,Peru national football team
https://en.wikipedia.org/wiki/Astronomica:_The_Quest_for_the_Edge_of_the_Universe,Astronomica: The Quest for the Edge of the Universe
https://en.wikipedia.org/wiki/Key_%26_See,Key & See
https://en.wikipedia.org/wiki/Navarretia_leucocephala,
https://en.wikipedia.org/wiki/Wampus_cat,Wampus cat
https://en.wikipedia.org/wiki/Coryanthes_macrocorys,
https://en.wikipedia.org/wiki/Movement_for_Justice_by_Any_Means_Necessary,Movement for Justice by Any Means Necessary
https://en.wikipedia.org/wiki/Badbeli_Khurd,Badbeli Khurd
"https://en.wikipedia.org/wiki/Shamlu,_East_Azerbaijan","Shamlu, East Azerbaijan"
https://en.wikipedia.org/wiki/Blastobasis_semilutea,
https://en.wikipedia.org/wiki/Steven_Thomson,Steven Thomson
https://en.wikipedia.org/wiki/List_of_Brazilian_Racing_Drivers,List of Brazilian Racing Drivers
https://en.wikipedia.org/wiki/IEEE_Richard_M._Emberson_Award,IEEE Richard M. Emberson Award
https://en.wikipedia.org/wiki/Bilca_Tulbure_River,Bilca Tulbure River
https://en.wikipedia.org/wiki/Draco_mindanensis,
https://en.wikipedia.org/wiki/South_Carolina_Highway_45,South Carolina Highway 45
https://en.wikipedia.org/wiki/Two-round_system,Two-round system
https://en.wikipedia.org/wiki/Kiwaba_Nzoji,Kiwaba Nzoji
https://en.wikipedia.org/wiki/Mets_Ayrum,Mets Ayrum
"https://en.wikipedia.org/wiki/Le%C5%9Bniaki,_Gmina_Szczerc%C3%B3w","Leśniaki, Gmina Szczerców"
https://en.wikipedia.org/wiki/College_Girls,
https://en.wikipedia.org/wiki/Michael_Valenzuela,Michael Valenzuela
https://en.wikipedia.org/wiki/Ensiferum,Ensiferum
https://en.wikipedia.org/wiki/Gliese_687,Gliese 687
https://en.wikipedia.org/wiki/Heterorachis,
https://en.wikipedia.org/wiki/Jack_Bice,Jack Bice
https://en.wikipedia.org/wiki/Romain_Philippoteaux,Romain Philippoteaux
https://en.wikipedia.org/wiki/Sompob_Nilwong,Sompob Nilwong
https://en.wikipedia.org/wiki/Pittsburgh_Geological_Society,Pittsburgh Geological Society
https://en.wikipedia.org/wiki/Shahram_Shiva,Shahram Shiva
https://en.wikipedia.org/wiki/Kuhsalar-e_Sofla,Kuhsalar-e Sofla
https://en.wikipedia.org/wiki/Xonville,Xonville
https://en.wikipedia.org/wiki/Rhombus_(UK_band),Rhombus (UK band)
https://en.wikipedia.org/wiki/Jamaat-ul-Mujahideen_Bangladesh,Jamaat-ul-Mujahideen Bangladesh
https://en.wikipedia.org/wiki/Ouvrage_Ferme_Chappy,Ouvrage Ferme Chappy
"https://en.wikipedia.org/wiki/Tower_Hamlets_London_Borough_Council_election,_1990","Tower Hamlets London Borough Council election, 1990"
https://en.wikipedia.org/wiki/Arctanthemum_integrifolium,
https://en.wikipedia.org/wiki/The_Chronicle_(Seinfeld),The Chronicle (
https://en.wikipedia.org/wiki/Ying_Hope,Ying Hope
https://en.wikipedia.org/wiki/Marcellus_Hall,Marcellus Hall
https://en.wikipedia.org/wiki/Dzhar,Dzhar
https://en.wikipedia.org/wiki/Radio_Caraibes_Haiti,Radio Caraibes Haiti
https://en.wikipedia.org/wiki/Get_Back_(TV_series), (TV series)
https://en.wikipedia.org/wiki/Jared_Smith,Jared Smith
https://en.wikipedia.org/wiki/Anne_Perry,Anne Perry
https://en.wikipedia.org/wiki/The_Beautiful_People_(audio_drama), (audio drama)
https://en.wikipedia.org/wiki/List_of_Gears_of_War_media,List of 
https://en.wikipedia.org/wiki/Habern_W._Freeman,Habern W. Freeman
https://en.wikipedia.org/wiki/Satuek_District,Satuek District
https://en.wikipedia.org/wiki/Quick_Millions_(1939_film), (1939 film)
https://en.wikipedia.org/wiki/Convoy_SC_20,Convoy SC 20
https://en.wikipedia.org/wiki/Willie_van_Niekerk,Willie van Niekerk
https://en.wikipedia.org/wiki/Mark_Zug,Mark Zug
https://en.wikipedia.org/wiki/George_S._Middleton_High_School,George S. Middleton High School
https://en.wikipedia.org/wiki/McDonald%27s_Burnie_International,McDonald's Burnie International
https://en.wikipedia.org/wiki/Oswald_Schmiedeberg,Oswald Schmiedeberg
https://en.wikipedia.org/wiki/Heroes_II:_The_Return,
"https://en.wikipedia.org/wiki/Rokicie,_West_Pomeranian_Voivodeship","Rokicie, West Pomeranian Voivodeship"
https://en.wikipedia.org/wiki/Tom_Funk_(illustrator),Tom Funk (illustrator)
https://en.wikipedia.org/wiki/Gautam_Chattopadhyay,Gautam Chattopadhyay
https://en.wikipedia.org/wiki/Ihsan_Haddad,Ihsan Haddad
https://en.wikipedia.org/wiki/Ivan_Garelov,Ivan Garelov
https://en.wikipedia.org/wiki/Eriomastyx_lacteata,
https://en.wikipedia.org/wiki/Latin_Grammy_Award_for_Best_Sertaneja_Music_Album,Latin Grammy Award for Best Sertaneja Music Album
https://en.wikipedia.org/wiki/Auschwitz_Cross,Auschwitz Cross
https://en.wikipedia.org/wiki/Ma%27ruf,Ma'ruf
https://en.wikipedia.org/wiki/FalconView,FalconView
https://en.wikipedia.org/wiki/Constituency_PP-64_(Faisalabad-XIV),Constituency PP-64 (Faisalabad-XIV)
https://en.wikipedia.org/wiki/Vit%C3%B3ria_das_Miss%C3%B5es,Vitória das Missões
https://en.wikipedia.org/wiki/Canons_Ashby_Priory,Canons Ashby Priory
https://en.wikipedia.org/wiki/The_Highway_Code_(Malta), (Malta)
https://en.wikipedia.org/wiki/Harpalus_trichophorus,
https://en.wikipedia.org/wiki/Hanna%27s_town_resolves,Hanna's town resolves
https://en.wikipedia.org/wiki/Oxford_Mail,
https://en.wikipedia.org/wiki/Luppy,Luppy
https://en.wikipedia.org/wiki/Harry_Messel,Harry Messel
https://en.wikipedia.org/wiki/Borrichia,
https://en.wikipedia.org/wiki/1952_Winter_Olympics_torch_relay,1952 Winter Olympics torch relay
https://en.wikipedia.org/wiki/John_Knox_Stewart,John Knox Stewart
https://en.wikipedia.org/wiki/Dmytro_Hryshko,Dmytro Hryshko
https://en.wikipedia.org/wiki/Fr%C3%A9d%C3%A9ric_Dufour,Frédéric Dufour
https://en.wikipedia.org/wiki/Suijin,Suijin
https://en.wikipedia.org/wiki/A.S.D.P._Ciliverghe_di_Mazzano,A.S.D.P. Ciliverghe di Mazzano
https://en.wikipedia.org/wiki/%27Aiea_High_School,'Aiea High School
https://en.wikipedia.org/wiki/5-(carboxyamino)imidazole_ribonucleotide_synthase,5-(carboxyamino)imidazole ribonucleotide synthase
https://en.wikipedia.org/wiki/Bucculatrix_instigata,
https://en.wikipedia.org/wiki/Upper_Columbia_United_Tribes,Upper Columbia United Tribes
https://en.wikipedia.org/wiki/Peel_River_(New_South_Wales),Peel River (New South Wales)
https://en.wikipedia.org/wiki/The_Judge_(Millennium),The Judge (
https://en.wikipedia.org/wiki/Lucile_Browne,Lucile Browne
https://en.wikipedia.org/wiki/Thomas_Magladery,Thomas Magladery
https://en.wikipedia.org/wiki/India%27s_Open-Economy_Policy,India's Open-Economy Policy
https://en.wikipedia.org/wiki/Kajona,Kajona
https://en.wikipedia.org/wiki/Yewlands_Technology_College,Yewlands Technology College
https://en.wikipedia.org/wiki/W._F._Grimes,W. F. Grimes
"https://en.wikipedia.org/wiki/Surveillance,_Epidemiology,_and_End_Results","Surveillance, Epidemiology, and End Results"
https://en.wikipedia.org/wiki/Lac_des_Sapins,Lac des Sapins
https://en.wikipedia.org/wiki/Bubble_Yum,Bubble Yum
https://en.wikipedia.org/wiki/Brooker_Highway,Brooker Highway
https://en.wikipedia.org/wiki/1857_in_science,1857 in science
https://en.wikipedia.org/wiki/Joseph_Kergueris,Joseph Kergueris
https://en.wikipedia.org/wiki/1974_Can-Am_season,1974 Can-Am season
https://en.wikipedia.org/wiki/Barnet_Urban_District,Barnet Urban District
https://en.wikipedia.org/wiki/Mount_Ptolemy_(Canada),Mount Ptolemy (Canada)
https://en.wikipedia.org/wiki/1990_Umaglesi_Liga,1990 Umaglesi Liga
https://en.wikipedia.org/wiki/Type-1.5_superconductor,Type-1.5 superconductor
https://en.wikipedia.org/wiki/Georgia_State_Route_59,Georgia State Route 59
https://en.wikipedia.org/wiki/Walkelin_de_Derby,Walkelin de Derby
https://en.wikipedia.org/wiki/Mahmud_Salah,Mahmud Salah
https://en.wikipedia.org/wiki/C._Desmond_Greaves,C. Desmond Greaves
https://en.wikipedia.org/wiki/Con_Hogan,Con Hogan
https://en.wikipedia.org/wiki/Hins_Cheung,Hins Cheung
https://en.wikipedia.org/wiki/Military_engineering,Military engineering
https://en.wikipedia.org/wiki/Beverly_Feldman,Beverly Feldman
https://en.wikipedia.org/wiki/V%C4%A9nh_Ch%E1%BA%A5p,Vĩnh Chấp
https://en.wikipedia.org/wiki/Deniss_Pavlovs,Deniss Pavlovs
https://en.wikipedia.org/wiki/1984_Japan_Soccer_League,1984 Japan Soccer League
https://en.wikipedia.org/wiki/2012%E2%80%9313_FIBA_EuroChallenge,2012–13 FIBA EuroChallenge
https://en.wikipedia.org/wiki/Maurice_Chevillard,Maurice Chevillard
https://en.wikipedia.org/wiki/Protein-histidine_N-methyltransferase,Protein-histidine N-methyltransferase
"https://en.wikipedia.org/wiki/Washington_Shirley,_9th_Earl_Ferrers","Washington Shirley, 9th Earl Ferrers"
https://en.wikipedia.org/wiki/Veliki_Kr%C5%A1,Veliki Krš
https://en.wikipedia.org/wiki/Ambouli,Ambouli
https://en.wikipedia.org/wiki/Doug_West,Doug West
https://en.wikipedia.org/wiki/Extinct_Instinct,
https://en.wikipedia.org/wiki/Delaunay-Belleville,Delaunay-Belleville
https://en.wikipedia.org/wiki/Daughters_of_America,Daughters of America
https://en.wikipedia.org/wiki/Indianapolis_Air_Route_Traffic_Control_Center,Indianapolis Air Route Traffic Control Center
"https://en.wikipedia.org/wiki/Tsukuba,_Ibaraki","Tsukuba, Ibaraki"
https://en.wikipedia.org/wiki/Ibrahim_Temo,Ibrahim Temo
https://en.wikipedia.org/wiki/Cephonodes_santome,
https://en.wikipedia.org/wiki/Joan_A._Lenard,Joan A. Lenard
https://en.wikipedia.org/wiki/Hubertus_Castle_(1954_film),Hubertus Castle (1954 film)
https://en.wikipedia.org/wiki/Mitchell_%26_Titus,Mitchell & Titus
https://en.wikipedia.org/wiki/Oliver_St_John,Oliver St John
https://en.wikipedia.org/wiki/Carta_Worldwide,Carta Worldwide
https://en.wikipedia.org/wiki/Italian_Haitian,Italian Haitian
https://en.wikipedia.org/wiki/Sofie_Hagen,Sofie Hagen
https://en.wikipedia.org/wiki/Pentax_SF7,Pentax SF7
"https://en.wikipedia.org/wiki/Gilbert,_Arizona","Gilbert, Arizona"
https://en.wikipedia.org/wiki/Court_Avenue_Bridge,Court Avenue Bridge
https://en.wikipedia.org/wiki/Okopek,Okopek
https://en.wikipedia.org/wiki/Ba%C5%9Fiskele,Başiskele
https://en.wikipedia.org/wiki/Herigaut,Herigaut
https://en.wikipedia.org/wiki/Butterfly_plan,Butterfly plan
https://en.wikipedia.org/wiki/Cazeneuve_(company),Cazeneuve (company)
https://en.wikipedia.org/wiki/Ethnocynology,Ethnocynology
https://en.wikipedia.org/wiki/National_Tribunal_of_Journalistic_Ethics,National Tribunal of Journalistic Ethics
https://en.wikipedia.org/wiki/Complaints_Choir,Complaints Choir
https://en.wikipedia.org/wiki/Richard_Lane_(rugby_union),Richard Lane (rugby union)
https://en.wikipedia.org/wiki/Bruce_McGregor,Bruce McGregor
https://en.wikipedia.org/wiki/Plica_plica,
https://en.wikipedia.org/wiki/Keshmar,Keshmar
https://en.wikipedia.org/wiki/Homoassociation,Homoassociation
"https://en.wikipedia.org/wiki/Arnold_I,_Lord_of_Egmond","Arnold I, Lord of Egmond"
https://en.wikipedia.org/wiki/Mount_Bebetsu,Mount Bebetsu
https://en.wikipedia.org/wiki/Washington_Prairie_Methodist_Church,Washington Prairie Methodist Church
https://en.wikipedia.org/wiki/Fibrin_degradation_product,Fibrin degradation product
https://en.wikipedia.org/wiki/Krzysztof_Jurgiel,Krzysztof Jurgiel
https://en.wikipedia.org/wiki/Tumultuous_Petitioning_Act_1661,Tumultuous Petitioning Act 1661
https://en.wikipedia.org/wiki/Bon_Jovi_Live!,Bon Jovi Live!
https://en.wikipedia.org/wiki/Uluberia_railway_station,Uluberia railway station
https://en.wikipedia.org/wiki/Russian_Public_Workers%27_Association,Russian Public Workers' Association
https://en.wikipedia.org/wiki/Eucosma_cana,
https://en.wikipedia.org/wiki/Mikkelberg-Kunst-und-Cricket_Center,Mikkelberg-Kunst-und-Cricket Center
"https://en.wikipedia.org/wiki/Satyagnana_Sabha,_Vadalur","Satyagnana Sabha, Vadalur"
https://en.wikipedia.org/wiki/The_Perfect_American,
https://en.wikipedia.org/wiki/Kazoozles,Kazoozles
https://en.wikipedia.org/wiki/Atanas_Semerdzhiev,Atanas Semerdzhiev
https://en.wikipedia.org/wiki/Te_Deum,Te Deum
https://en.wikipedia.org/wiki/Janet_Kalven,Janet Kalven
https://en.wikipedia.org/wiki/San_Pietro_di_Carid%C3%A0,San Pietro di Caridà
https://en.wikipedia.org/wiki/Star_Comics_(Italy),Star Comics (Italy)
https://en.wikipedia.org/wiki/William_Dzus,William Dzus
https://en.wikipedia.org/wiki/Stephen_White_(Jesuit),Stephen White (Jesuit)
https://en.wikipedia.org/wiki/Ricardian_equivalence,Ricardian equivalence
https://en.wikipedia.org/wiki/Sani_Kaita,Sani Kaita
https://en.wikipedia.org/wiki/Candy_(Georgian_band),Candy (Georgian band)
https://en.wikipedia.org/wiki/McVicar_(album), (album)
https://en.wikipedia.org/wiki/Xylophanes_obscurus,
https://en.wikipedia.org/wiki/Arambol,Arambol
"https://en.wikipedia.org/wiki/Arpi,_Armenia","Arpi, Armenia"
https://en.wikipedia.org/wiki/Dave_Pell,Dave Pell
https://en.wikipedia.org/wiki/Archibald_Skirving,Archibald Skirving
https://en.wikipedia.org/wiki/Cairo_Governorate,Cairo Governorate
https://en.wikipedia.org/wiki/1982_Congoleum_Classic_%E2%80%93_Doubles,1982 Congoleum Classic – Doubles
https://en.wikipedia.org/wiki/Brookville_High_School_(Ohio),Brookville High School (Ohio)
https://en.wikipedia.org/wiki/Garwood_Valley,Garwood Valley
https://en.wikipedia.org/wiki/Polish_Festival_@_Federation_Square,Polish Festival @ Federation Square
https://en.wikipedia.org/wiki/Cox_Field,Cox Field
https://en.wikipedia.org/wiki/Sarah_Kay,Sarah Kay
https://en.wikipedia.org/wiki/Jacob_Hilditch,Jacob Hilditch
https://en.wikipedia.org/wiki/Military_engineering,Military engineering
https://en.wikipedia.org/wiki/Caspar_Henry_Borgess,Caspar Henry Borgess
https://en.wikipedia.org/wiki/Charles_Dillon_(American_football),Charles Dillon (American football)
https://en.wikipedia.org/wiki/Valeriy_Veshko,Valeriy Veshko
https://en.wikipedia.org/wiki/London_and_Port_Stanley_Railway,London and Port Stanley Railway
https://en.wikipedia.org/wiki/Ume%C3%A5_Town_Hall,Umeå Town Hall
https://en.wikipedia.org/wiki/Seogang_Bridge,Seogang Bridge
https://en.wikipedia.org/wiki/Unitrends,Unitrends
https://en.wikipedia.org/wiki/Chie_Nakane,Chie Nakane
https://en.wikipedia.org/wiki/Saivres,Saivres
https://en.wikipedia.org/wiki/Darren_Westlake,Darren Westlake
https://en.wikipedia.org/wiki/Speed_skating_at_the_1948_Winter_Olympics_%E2%80%93_Men%27s_10000_metres,Speed skating at the 1948 Winter Olympics – Men's 10000 metres
https://en.wikipedia.org/wiki/Mimic_function,Mimic function
https://en.wikipedia.org/wiki/The_Ashland_Academy_of_Art,The Ashland Academy of Art
https://en.wikipedia.org/wiki/Harvey_N._Middleton,Harvey N. Middleton
https://en.wikipedia.org/wiki/John_Smith_(English_filmmaker),John Smith (English filmmaker)
https://en.wikipedia.org/wiki/Mikl%C3%B3s_P%C3%A1ncsics,Miklós Páncsics
https://en.wikipedia.org/wiki/Alexander_Keith_Johnston_(1804%E2%80%931871),Alexander Keith Johnston (1804–1871)
https://en.wikipedia.org/wiki/Fish_wheel,Fish wheel
https://en.wikipedia.org/wiki/WCW_Saturday_Night,
https://en.wikipedia.org/wiki/Skinny_Bitch_Fitness,Skinny Bitch Fitness
"https://en.wikipedia.org/wiki/List_of_lesbian,_gay,_bisexual_or_transgender-related_films_of_1991","List of lesbian, gay, bisexual or transgender-related films of 1991"
https://en.wikipedia.org/wiki/Cape_(surname),Cape (surname)
https://en.wikipedia.org/wiki/Hans_Speier,Hans Speier
https://en.wikipedia.org/wiki/Kwun_Tong_Road,Kwun Tong Road
https://en.wikipedia.org/wiki/Hridoy_Khan,Hridoy Khan
https://en.wikipedia.org/wiki/1982_All-Ireland_Senior_Ladies%27_Football_Championship_Final,1982 All-Ireland Senior Ladies' Football Championship Final
https://en.wikipedia.org/wiki/Jan_Wagenaar,Jan Wagenaar
https://en.wikipedia.org/wiki/Elizabeth_Wallace,Elizabeth Wallace
https://en.wikipedia.org/wiki/Dryas_(plant), (plant)
https://en.wikipedia.org/wiki/Mowtowr-e_Shomareh-ye_Seh_Kesht_Alufeh,Mowtowr-e Shomareh-ye Seh Kesht Alufeh
https://en.wikipedia.org/wiki/Penthouse_HDTV,Penthouse HDTV
https://en.wikipedia.org/wiki/A%C3%A9ro-Service,Aéro-Service
https://en.wikipedia.org/wiki/1960_U.S._Figure_Skating_Championships,1960 U.S. Figure Skating Championships
https://en.wikipedia.org/wiki/WOKA-FM,WOKA-FM
https://en.wikipedia.org/wiki/Samuel_Maykapar,Samuel Maykapar
https://en.wikipedia.org/wiki/Steffan_Tubbs,Steffan Tubbs
https://en.wikipedia.org/wiki/Ameer_Bux_Bhutto,Ameer Bux Bhutto
https://en.wikipedia.org/wiki/Cregagh_Cricket_Club,Cregagh Cricket Club
https://en.wikipedia.org/wiki/List_of_number-one_R%26B/hip-hop_songs_of_2011_(U.S.),List of number-one R&B/hip-hop songs of 2011 (U.S.)
https://en.wikipedia.org/wiki/Betzdorf_(Verbandsgemeinde),Betzdorf (Verbandsgemeinde)
https://en.wikipedia.org/wiki/Icing_Works,Icing Works
https://en.wikipedia.org/wiki/Anton_Trubitsin,Anton Trubitsin
https://en.wikipedia.org/wiki/Volker_Bruch,Volker Bruch
https://en.wikipedia.org/wiki/Rosser%27s_equation_(physics),Rosser's equation (physics)
https://en.wikipedia.org/wiki/Steveston-London_Secondary_School,Steveston-London Secondary School
https://en.wikipedia.org/wiki/Kadugannawa_Electoral_District,Kadugannawa Electoral District
"https://en.wikipedia.org/wiki/Luxembourg_general_election,_1915","Luxembourg general election, 1915"
https://en.wikipedia.org/wiki/Schw%C3%A4galp_Pass,Schwägalp Pass
https://en.wikipedia.org/wiki/Bailovo,Bailovo
https://en.wikipedia.org/wiki/Arizona_State_Route_83,Arizona State Route 83
https://en.wikipedia.org/wiki/Australasia_GAA,Australasia GAA
https://en.wikipedia.org/wiki/Moritz_Fuerst,Moritz Fuerst
https://en.wikipedia.org/wiki/Charles_Stuart_Curtis,Charles Stuart Curtis
https://en.wikipedia.org/wiki/Bellevue_Public_Schools,Bellevue Public Schools
https://en.wikipedia.org/wiki/Hugh_J._Chisholm,Hugh J. Chisholm
https://en.wikipedia.org/wiki/Francisco_Acebal,Francisco Acebal
https://en.wikipedia.org/wiki/Dyspessa_ruekbeili,
https://en.wikipedia.org/wiki/Bill_Joy,Bill Joy
https://en.wikipedia.org/wiki/Wild_Arms_(series), (series)
https://en.wikipedia.org/wiki/Found_(horse),Found (horse)
https://en.wikipedia.org/wiki/Ivan_Yarygin_Sports_Palace,Ivan Yarygin Sports Palace
"https://en.wikipedia.org/wiki/Kulathur,_Gandharvakottai,_Pudukkottai","Kulathur, Gandharvakottai, Pudukkottai"
"https://en.wikipedia.org/wiki/Upper_Crossing,_New_Brunswick","Upper Crossing, New Brunswick"
https://en.wikipedia.org/wiki/Sanbhor_Sullai,Sanbhor Sullai
https://en.wikipedia.org/wiki/Richard_Goldstein_(writer_born_1944),Richard Goldstein (writer born 1944)
https://en.wikipedia.org/wiki/Paraksenes_Eikones,
https://en.wikipedia.org/wiki/Jean-Baptiste_Dumay,Jean-Baptiste Dumay
https://en.wikipedia.org/wiki/Cephalhematoma,Cephalhematoma
https://en.wikipedia.org/wiki/Malawi_News_Agency,Malawi News Agency
https://en.wikipedia.org/wiki/Anzio_(film), (film)
https://en.wikipedia.org/wiki/Laurie_Brady,Laurie Brady
https://en.wikipedia.org/wiki/Cosmophasis_thalassina,
https://en.wikipedia.org/wiki/Cotorsion_group,Cotorsion group
https://en.wikipedia.org/wiki/J.J._Deal_and_Son_Carriage_Factory,J.J. Deal and Son Carriage Factory
https://en.wikipedia.org/wiki/Tuhama_Mahmoud_Ma%27rouf,Tuhama Mahmoud Ma'rouf
https://en.wikipedia.org/wiki/Matthew_Creamer,Matthew Creamer
https://en.wikipedia.org/wiki/Stanley_Holloway,Stanley Holloway
https://en.wikipedia.org/wiki/Nick_Stabulas,Nick Stabulas
https://en.wikipedia.org/wiki/The_Honest_Courtesan,
https://en.wikipedia.org/wiki/Santa_Cristina_de_Lena,Santa Cristina de Lena
https://en.wikipedia.org/wiki/MINX_(musician),MINX (musician)
https://en.wikipedia.org/wiki/Diz_Ab,Diz Ab
https://en.wikipedia.org/wiki/Pandora_River,Pandora River
"https://en.wikipedia.org/wiki/Woodstock,_Maine","Woodstock, Maine"
"https://en.wikipedia.org/wiki/Mondovi_(town),_Wisconsin","Mondovi (town), Wisconsin"
https://en.wikipedia.org/wiki/Aleksandr_Klyagin,Aleksandr Klyagin
https://en.wikipedia.org/wiki/Neurturin,Neurturin
https://en.wikipedia.org/wiki/Alfons_Mart%C3%AD_Bau%C3%A7%C3%A0,Alfons Martí Bauçà
https://en.wikipedia.org/wiki/Dane_Dorahy,Dane Dorahy
https://en.wikipedia.org/wiki/Chronique_sociale,Chronique sociale
https://en.wikipedia.org/wiki/Willie_Millar,Willie Millar
https://en.wikipedia.org/wiki/Sir_Joseph_Banks_Group_Conservation_Park,Sir Joseph Banks Group Conservation Park
https://en.wikipedia.org/wiki/Wietmarschen,Wietmarschen
https://en.wikipedia.org/wiki/Virginia_Corval%C3%A1n,Virginia Corvalán
https://en.wikipedia.org/wiki/Cymarin,Cymarin
https://en.wikipedia.org/wiki/Concierto_Andaluz,
https://en.wikipedia.org/wiki/Artur_Michalkiewicz,Artur Michalkiewicz
https://en.wikipedia.org/wiki/The_Guv%27nor_vol_1,The Guv'nor vol 1
https://en.wikipedia.org/wiki/Richard_B._Rood,Richard B. Rood
"https://en.wikipedia.org/wiki/The_Wild,_Wild_World_of_Jayne_Mansfield",
https://en.wikipedia.org/wiki/Daniel_Moylan,Daniel Moylan
https://en.wikipedia.org/wiki/Electoral_results_for_the_district_of_Hillarys,Electoral results for the district of Hillarys
https://en.wikipedia.org/wiki/List_of_Soviet_films_of_1954,List of Soviet films of 1954
https://en.wikipedia.org/wiki/Eliza_Forlonge,Eliza Forlonge
https://en.wikipedia.org/wiki/Notoplax_subviridis,
https://en.wikipedia.org/wiki/Yeshkin,Yeshkin
"https://en.wikipedia.org/wiki/Morken_Township,_Clay_County,_Minnesota","Morken Township, Clay County, Minnesota"
https://en.wikipedia.org/wiki/Nepean_Bay_Conservation_Park,Nepean Bay Conservation Park
https://en.wikipedia.org/wiki/Lanthanum_oxide,Lanthanum oxide
https://en.wikipedia.org/wiki/Sugarscape.com,
"https://en.wikipedia.org/wiki/St._Vincent_de_Paul_Catholic_Church_(Bayonne,_New_Jersey)","St. Vincent de Paul Catholic Church (Bayonne, New Jersey)"
https://en.wikipedia.org/wiki/Vanguard_Way,Vanguard Way
https://en.wikipedia.org/wiki/Asymphorodes_nuciferae,
https://en.wikipedia.org/wiki/Auguste_Tessier,Auguste Tessier
https://en.wikipedia.org/wiki/Henry_Walker_(cricketer),Henry Walker (cricketer)
https://en.wikipedia.org/wiki/Asaphocrita_irenica,
https://en.wikipedia.org/wiki/Caseosaurus,
https://en.wikipedia.org/wiki/BlueKai,BlueKai
https://en.wikipedia.org/wiki/Harpago_arthritica,
https://en.wikipedia.org/wiki/David_Martin_(Wisconsin),David Martin (Wisconsin)
https://en.wikipedia.org/wiki/Hatefiles,
https://en.wikipedia.org/wiki/Christina_Fusano,Christina Fusano
https://en.wikipedia.org/wiki/Alfred_Charles_Garratt,Alfred Charles Garratt
https://en.wikipedia.org/wiki/Riyaz_Uddin_(basketball),Riyaz Uddin (basketball)
https://en.wikipedia.org/wiki/Ekspress_AM4R,Ekspress AM4R
https://en.wikipedia.org/wiki/Sitala_mazumbaiensis,
https://en.wikipedia.org/wiki/James_Kirchner,James Kirchner
https://en.wikipedia.org/wiki/Richard_Geren,Richard Geren
https://en.wikipedia.org/wiki/Fr%C3%B6s%C3%B6fjellet,Frösöfjellet
https://en.wikipedia.org/wiki/One_Morning_in_Maine,
https://en.wikipedia.org/wiki/%C5%A0ta_mi_radi%C5%A1,
https://en.wikipedia.org/wiki/Nepovirus,
https://en.wikipedia.org/wiki/Hienadz_Karpienka,Hienadz Karpienka
https://en.wikipedia.org/wiki/Miss_Georgia_(U.S._state),Miss Georgia (U.S. state)
https://en.wikipedia.org/wiki/William_Engvick,William Engvick
https://en.wikipedia.org/wiki/Alan_Little,Alan Little
https://en.wikipedia.org/wiki/Michael_Kennedy_(music_critic),Michael Kennedy (music critic)
"https://en.wikipedia.org/wiki/Grand_Island,_Florida","Grand Island, Florida"
https://en.wikipedia.org/wiki/1992_World_Junior_Championships_in_Athletics_%E2%80%93_Women%27s_heptathlon,1992 World Junior Championships in Athletics – Women's heptathlon
https://en.wikipedia.org/wiki/Panel_Histoire_de_Paris,Panel Histoire de Paris
https://en.wikipedia.org/wiki/Hum_To_Mohabbat_Karega,
https://en.wikipedia.org/wiki/Rodica_Avasiloaie,Rodica Avasiloaie
https://en.wikipedia.org/wiki/Aleppo_offensive_(October_2015_%E2%80%93_present),Aleppo offensive (October 2015 – present)
https://en.wikipedia.org/wiki/New_Mexico_Association_of_Student_Councils,New Mexico Association of Student Councils
https://en.wikipedia.org/wiki/Jeremy_Warmsley,Jeremy Warmsley
"https://en.wikipedia.org/wiki/Agia_Varvara,_Pieria","Agia Varvara, Pieria"
"https://en.wikipedia.org/wiki/List_of_county_roads_in_Holmes_County,_Florida","List of county roads in Holmes County, Florida"
https://en.wikipedia.org/wiki/Kellyjackie,Kellyjackie
https://en.wikipedia.org/wiki/Victoria_Grizzlies,Victoria Grizzlies
https://en.wikipedia.org/wiki/List_of_monarchs_of_Hawaii,List of monarchs of Hawaii
https://en.wikipedia.org/wiki/Physiological_plant_disorder,Physiological plant disorder
https://en.wikipedia.org/wiki/Gymnastics_at_the_2015_Pan_American_Games_%E2%80%93_Qualification,Gymnastics at the 2015 Pan American Games – Qualification
https://en.wikipedia.org/wiki/Anthene_xanthopoecilus,
https://en.wikipedia.org/wiki/Prime_Minister_of_the_West_Indies_Federation,Prime Minister of the West Indies Federation
https://en.wikipedia.org/wiki/Mile_End_Park,Mile End Park
https://en.wikipedia.org/wiki/Yulen_Uralov,Yulen Uralov
https://en.wikipedia.org/wiki/Rhizotrogus_romanoi,
https://en.wikipedia.org/wiki/Athis_inca,
https://en.wikipedia.org/wiki/Club_Phusion,Club Phusion
https://en.wikipedia.org/wiki/Kanyara%E2%80%93Mantharta_languages,Kanyara–Mantharta languages
https://en.wikipedia.org/wiki/Desperados_2:_Cooper%27s_Revenge,
https://en.wikipedia.org/wiki/Grave_Peril_(The_Dresden_Files), (The Dresden Files)
https://en.wikipedia.org/wiki/Werner_Eschauer,Werner Eschauer
https://en.wikipedia.org/wiki/Harriet_Babcock,Harriet Babcock
"https://en.wikipedia.org/wiki/Charles_L._Donnelly,_Jr.","Charles L. Donnelly, Jr."
https://en.wikipedia.org/wiki/SIGTRAN,SIGTRAN
https://en.wikipedia.org/wiki/Jose_Antonio_Gomariz,Jose Antonio Gomariz
https://en.wikipedia.org/wiki/Preobrazheniya_Island,Preobrazheniya Island
https://en.wikipedia.org/wiki/Tenth_Federal_Electoral_District_of_Chihuahua,Tenth Federal Electoral District of Chihuahua
https://en.wikipedia.org/wiki/1994%E2%80%9395_Slovak_1.Liga_season,1994–95 Slovak 1.Liga season
https://en.wikipedia.org/wiki/Hatch_Rosdahl,Hatch Rosdahl
https://en.wikipedia.org/wiki/Luke_Pearson,Luke Pearson
https://en.wikipedia.org/wiki/Helena_Frith_Powell,Helena Frith Powell
https://en.wikipedia.org/wiki/Glass_working,Glass working
"https://en.wikipedia.org/wiki/Yukar%C4%B1k%C4%B1ratl%C4%B1,_Kozluk","Yukarıkıratlı, Kozluk"
https://en.wikipedia.org/wiki/Henry_McCall,Henry McCall
https://en.wikipedia.org/wiki/Dorsey_W._Shackleford,Dorsey W. Shackleford
https://en.wikipedia.org/wiki/Nils_Westermark,Nils Westermark
https://en.wikipedia.org/wiki/Telchur,Telchur
https://en.wikipedia.org/wiki/Cyclopropenylidene,Cyclopropenylidene
https://en.wikipedia.org/wiki/Harvey_Wasserman,Harvey Wasserman
https://en.wikipedia.org/wiki/Khomasdal_North,Khomasdal North
https://en.wikipedia.org/wiki/Pempelia_amoenella,
https://en.wikipedia.org/wiki/Boops,
https://en.wikipedia.org/wiki/Wisconsin_gubernatorial_elections,Wisconsin gubernatorial elections
https://en.wikipedia.org/wiki/Cairnie_Burn,Cairnie Burn
https://en.wikipedia.org/wiki/List_of_minor_planets/98701%E2%80%9398800,List of minor planets/98701–98800
https://en.wikipedia.org/wiki/Wonderful_(Adam_Ant_album), (Adam Ant album)
https://en.wikipedia.org/wiki/Izzy_Stradlin,Izzy Stradlin
https://en.wikipedia.org/wiki/Barbados_at_the_1962_British_Empire_and_Commonwealth_Games,Barbados at the 1962 British Empire and Commonwealth Games
https://en.wikipedia.org/wiki/2014_Fiji_National_Football_League,2014 Fiji National Football League
https://en.wikipedia.org/wiki/WETN,WETN
https://en.wikipedia.org/wiki/Viliana_Georgieva,Viliana Georgieva
https://en.wikipedia.org/wiki/%C3%89mile_Storms,Émile Storms
https://en.wikipedia.org/wiki/Deer_Park_(LIRR_station),Deer Park (LIRR station)
https://en.wikipedia.org/wiki/Opera:_The_Undoing_of_Women,
https://en.wikipedia.org/wiki/Lilian_Lee,Lilian Lee
https://en.wikipedia.org/wiki/Otto_Huber,Otto Huber
https://en.wikipedia.org/wiki/Tony_Martin_(British_singer),Tony Martin (British singer)
https://en.wikipedia.org/wiki/Cutter_(surname),Cutter (surname)
https://en.wikipedia.org/wiki/Spinycheek_soldierfish,Spinycheek soldierfish
https://en.wikipedia.org/wiki/Joseph_W._Esherick,Joseph W. Esherick
https://en.wikipedia.org/wiki/3rd_Lambda_Literary_Awards,3rd Lambda Literary Awards
https://en.wikipedia.org/wiki/Killepitsch,Killepitsch
https://en.wikipedia.org/wiki/Air_Force_ranks_and_insignia_of_Iran,Air Force ranks and insignia of Iran
https://en.wikipedia.org/wiki/Aral_Hathi_Khel,Aral Hathi Khel
https://en.wikipedia.org/wiki/Peoples_Grocery,Peoples Grocery
https://en.wikipedia.org/wiki/Alexei_Soutchkov,Alexei Soutchkov
"https://en.wikipedia.org/wiki/Eddie_Collins,_Jr.","Eddie Collins, Jr."
https://en.wikipedia.org/wiki/Athletics_at_the_2013_Summer_Universiade_%E2%80%93_Men%27s_decathlon,Athletics at the 2013 Summer Universiade – Men's decathlon
https://en.wikipedia.org/wiki/Gash-Setit,Gash-Setit
https://en.wikipedia.org/wiki/No._80_Squadron_RAAF,No. 80 Squadron RAAF
https://en.wikipedia.org/wiki/Lucio%27s_phenomenon,Lucio's phenomenon
https://en.wikipedia.org/wiki/Concei%C3%A7%C3%A3o_das_Pedras,Conceição das Pedras
https://en.wikipedia.org/wiki/Robert_Forbes_(bishop),Robert Forbes (bishop)
https://en.wikipedia.org/wiki/Cure_Cottages_of_Saranac_Lake,Cure Cottages of Saranac Lake
https://en.wikipedia.org/wiki/Roman_Catholic_Diocese_of_Coroico,Roman Catholic Diocese of Coroico
https://en.wikipedia.org/wiki/Passerinula,
https://en.wikipedia.org/wiki/Yushui_District,Yushui District
https://en.wikipedia.org/wiki/Edward_Hake,Edward Hake
https://en.wikipedia.org/wiki/Elephant_hunting_in_Chad,Elephant hunting in Chad
https://en.wikipedia.org/wiki/1988_World_Junior_Championships_in_Athletics_%E2%80%93_Men%27s_hammer_throw,1988 World Junior Championships in Athletics – Men's hammer throw
https://en.wikipedia.org/wiki/Haplogroup_G-L293%2B,Haplogroup G-L293+
https://en.wikipedia.org/wiki/Amanullah_Khan_(politician),Amanullah Khan (politician)
https://en.wikipedia.org/wiki/OMNIS,OMNIS
https://en.wikipedia.org/wiki/Cetrimonium_bromide,Cetrimonium bromide
https://en.wikipedia.org/wiki/Chad_Forcier,Chad Forcier
https://en.wikipedia.org/wiki/List_of_deserters_from_James_II_to_William_of_Orange,List of deserters from James II to William of Orange
https://en.wikipedia.org/wiki/Bozo_Ratliff,Bozo Ratliff
https://en.wikipedia.org/wiki/Gensou_no_Hana,Gensou no Hana
https://en.wikipedia.org/wiki/Raniera_Ellison,Raniera Ellison
https://en.wikipedia.org/wiki/Ever_So_Shy,Ever So Shy
https://en.wikipedia.org/wiki/List_of_heads_of_state_of_Angola,List of heads of state of Angola
https://en.wikipedia.org/wiki/Ischionodonta_mexicana,
https://en.wikipedia.org/wiki/Alazan_Bay,Alazan Bay
https://en.wikipedia.org/wiki/CB_Tarragona,CB Tarragona
"https://en.wikipedia.org/wiki/2005_Tour_de_France,_Stage_12_to_Stage_21","2005 Tour de France, Stage 12 to Stage 21"
https://en.wikipedia.org/wiki/Carole_Wainaina,Carole Wainaina
https://en.wikipedia.org/wiki/Chifeng_Road_Station,Chifeng Road Station
https://en.wikipedia.org/wiki/KIMX,KIMX
https://en.wikipedia.org/wiki/Inadiatafane,Inadiatafane
https://en.wikipedia.org/wiki/Val-d%27Illiez,Val-d'Illiez
https://en.wikipedia.org/wiki/Mark_Texeira,Mark Texeira
"https://en.wikipedia.org/wiki/Kamionka,_Gmina_Latowicz","Kamionka, Gmina Latowicz"
https://en.wikipedia.org/wiki/Dennis_Dreith,Dennis Dreith
https://en.wikipedia.org/wiki/King_Power,King Power
https://en.wikipedia.org/wiki/Acacia_anastema,
https://en.wikipedia.org/wiki/Darryl_Hamilton,Darryl Hamilton
https://en.wikipedia.org/wiki/Andrea_Morassi,Andrea Morassi
https://en.wikipedia.org/wiki/Gloria_Bird,Gloria Bird
https://en.wikipedia.org/wiki/2010_All-Ireland_Senior_Hurling_Championship,2010 All-Ireland Senior Hurling Championship
https://en.wikipedia.org/wiki/Michael_P._Flanagan_(education),Michael P. Flanagan (education)
https://en.wikipedia.org/wiki/Streptomyces_cuspidosporus,
https://en.wikipedia.org/wiki/Murtenica,Murtenica
https://en.wikipedia.org/wiki/Pentium,Pentium
https://en.wikipedia.org/wiki/Spectrums_of_Light,
https://en.wikipedia.org/wiki/Stephen_Stepanian,Stephen Stepanian
https://en.wikipedia.org/wiki/Bruno_Magalh%C3%A3es,Bruno Magalhães
https://en.wikipedia.org/wiki/Dalldorf,Dalldorf
"https://en.wikipedia.org/wiki/Washington_Street,_Cork","Washington Street, Cork"
https://en.wikipedia.org/wiki/Something_Theater,
https://en.wikipedia.org/wiki/Here_Comes_Tobor,
https://en.wikipedia.org/wiki/Helton_Godwin_Baynes,Helton Godwin Baynes
https://en.wikipedia.org/wiki/1969%E2%80%9370_Denver_Rockets_season,1969–70 Denver Rockets season
https://en.wikipedia.org/wiki/Muhammad_Husain_Azad,Muhammad Husain Azad
https://en.wikipedia.org/wiki/FXall,FXall
https://en.wikipedia.org/wiki/V%C3%A2rtoapelor_River,Vârtoapelor River
https://en.wikipedia.org/wiki/Escort_West,
https://en.wikipedia.org/wiki/Les_Verchers-sur-Layon,Les Verchers-sur-Layon
https://en.wikipedia.org/wiki/Miss_Universe_1959,Miss Universe 1959
https://en.wikipedia.org/wiki/Feels_Like_Love_(La_Toya_Jackson_song),Feels Like Love (La Toya Jackson song)
https://en.wikipedia.org/wiki/James_Adams_(Bishop_of_Barking),James Adams (Bishop of Barking)
https://en.wikipedia.org/wiki/Hermine_von_Siegst%C3%A4dt,Hermine von Siegstädt
https://en.wikipedia.org/wiki/Rimutaka_Forest_Park,Rimutaka Forest Park
https://en.wikipedia.org/wiki/Sambar_deer,Sambar deer
https://en.wikipedia.org/wiki/Hankey_Pass,Hankey Pass
https://en.wikipedia.org/wiki/Jambo_(board_game),Jambo (board game)
https://en.wikipedia.org/wiki/Qarah_Vanlu,Qarah Vanlu
https://en.wikipedia.org/wiki/Pustularia_(gastropod), (gastropod)
https://en.wikipedia.org/wiki/Definiteness,Definiteness
https://en.wikipedia.org/wiki/AD_Ninense,AD Ninense
https://en.wikipedia.org/wiki/Le_Truel_(power_station),Le Truel (power station)
https://en.wikipedia.org/wiki/ISIRI_13141,ISIRI 13141
https://en.wikipedia.org/wiki/Gummerus_(surname),Gummerus (surname)
https://en.wikipedia.org/wiki/Pristimantis_rhodostichus,
https://en.wikipedia.org/wiki/Teqerideamani_I,Teqerideamani I
https://en.wikipedia.org/wiki/Szysznyk,
https://en.wikipedia.org/wiki/South_Ribble,South Ribble
"https://en.wikipedia.org/wiki/Biernatki,_Kalisz_County","Biernatki, Kalisz County"
https://en.wikipedia.org/wiki/Dru_yoga,Dru yoga
https://en.wikipedia.org/wiki/Jabah_Dar,Jabah Dar
https://en.wikipedia.org/wiki/2nd_Wave_(album), (album)
https://en.wikipedia.org/wiki/Bj%C3%B6rnlandet_National_Park,Björnlandet National Park
https://en.wikipedia.org/wiki/Schengen_Cloud,Schengen Cloud
https://en.wikipedia.org/wiki/Mihai_Ioan_Botez,Mihai Ioan Botez
https://en.wikipedia.org/wiki/Governor_of_Tokat,Governor of Tokat
https://en.wikipedia.org/wiki/Niuoko,Niuoko
https://en.wikipedia.org/wiki/Black_jack_(fish),Black jack (fish)
https://en.wikipedia.org/wiki/1980_in_Bangladesh,1980 in Bangladesh
https://en.wikipedia.org/wiki/Rhynchospora,
https://en.wikipedia.org/wiki/The_Last_Lieutenant,
https://en.wikipedia.org/wiki/Richard_Devine,Richard Devine
"https://en.wikipedia.org/wiki/The_College_of_Allied_Medical_Science,_Nagasaki_University","The College of Allied Medical Science, Nagasaki University"
https://en.wikipedia.org/wiki/David_Mu%C3%B1oz_Rodr%C3%ADguez,David Muñoz Rodríguez
https://en.wikipedia.org/wiki/Mike_Mo_Capaldi,Mike Mo Capaldi
https://en.wikipedia.org/wiki/Ammonium_hexachloroplatinate,Ammonium hexachloroplatinate
"https://en.wikipedia.org/wiki/Sajjad_Hussain_(cricketer,_born_1986)","Sajjad Hussain (cricketer, born 1986)"
https://en.wikipedia.org/wiki/%C3%96d%C3%B6n_Lechner,Ödön Lechner
https://en.wikipedia.org/wiki/Nepsa,Nepsa
https://en.wikipedia.org/wiki/Langara_Formation,Langara Formation
https://en.wikipedia.org/wiki/Halfway_Down_the_Sky,
https://en.wikipedia.org/wiki/Ricardo_Abarca,Ricardo Abarca
https://en.wikipedia.org/wiki/Interchannel,Interchannel
https://en.wikipedia.org/wiki/Federation_of_Mexican_Athletics_Associations,Federation of Mexican Athletics Associations
https://en.wikipedia.org/wiki/Adenoid,Adenoid
https://en.wikipedia.org/wiki/Wan_Hisham_Wan_Salleh,Wan Hisham Wan Salleh
https://en.wikipedia.org/wiki/Dangerous_(The_Doobie_Brothers_song),Dangerous (The Doobie Brothers song)
"https://en.wikipedia.org/wiki/Jafarabad,_Darreh_Shahr","Jafarabad, Darreh Shahr"
https://en.wikipedia.org/wiki/Ramlibacter_tataouinensis,
https://en.wikipedia.org/wiki/1990_Manchester_Open_%E2%80%93_Doubles,1990 Manchester Open – Doubles
https://en.wikipedia.org/wiki/Bas_Dost,Bas Dost
https://en.wikipedia.org/wiki/Meshack_Franklin,Meshack Franklin
https://en.wikipedia.org/wiki/Gogogogo,Gogogogo
https://en.wikipedia.org/wiki/List_of_Swedish_youth_football_champions,List of Swedish youth football champions
"https://en.wikipedia.org/wiki/Humboldt_Park,_Chicago","Humboldt Park, Chicago"
https://en.wikipedia.org/wiki/Finnish_II_Corps_(Winter_War),Finnish II Corps (Winter War)
https://en.wikipedia.org/wiki/Palacio_de_los_Capitanes_Generales,Palacio de los Capitanes Generales
"https://en.wikipedia.org/wiki/United_States_presidential_election_in_North_Dakota,_2012","United States presidential election in North Dakota, 2012"
https://en.wikipedia.org/wiki/Pop_Rock_(horse),Pop Rock (horse)
https://en.wikipedia.org/wiki/HC_Lada_Togliatti_songs_and_anthems,HC Lada Togliatti songs and anthems
https://en.wikipedia.org/wiki/Elwood_Babbitt,Elwood Babbitt
https://en.wikipedia.org/wiki/Cabri%C3%A8res-d%27Aigues,Cabrières-d'Aigues
https://en.wikipedia.org/wiki/John_Bingay,John Bingay
https://en.wikipedia.org/wiki/Corophium_arenarium,
https://en.wikipedia.org/wiki/Wheeler_baronets,Wheeler baronets
